{
  "gizmos-infos": {
    "is2D": false,
    "is3DIcon": false,
    "iconSize": 2,
    "gridVisible": true,
    "gridColor": [
      150,
      150,
      150,
      255
    ],
    "isIconGizmo3D": false,
    "iconGizmoSize": 2,
    "isGridVisible": true
  },
  "camera": {
    "fov": 45,
    "far": 10000,
    "near": 0.01,
    "color": [
      48,
      48,
      48,
      255
    ],
    "wheelSpeed": 0.01,
    "wanderSpeed": 10,
    "enableAcceleration": true,
    "far2D": 10000,
    "near2D": 1,
    "wheelSpeed2D": 6
  },
  "camera-infos": {
    "f46876e4-e81b-4931-b493-6d367be385e7": {
      "position": {
        "x": 50,
        "y": 50,
        "z": 50
      },
      "rotation": {
        "x": -0.27984814233312133,
        "y": 0.3647051996310009,
        "z": 0.11591689595929514,
        "w": 0.8804762392171493
      },
      "viewCenter": {
        "x": 0,
        "y": 0,
        "z": 0
      }
    },
    "ba770f42-b1bd-480a-812a-b2d060f264d8": {
      "position": {
        "x": 3.2109590690816767,
        "y": -17.049920964038332,
        "z": 0.983013263728188
      },
      "rotation": {
        "x": -0.15851107896798455,
        "y": 0.7533863380500414,
        "z": 0.19669798995376409,
        "w": 0.6071187398129818
      },
      "viewCenter": {
        "x": 0.7062390237683638,
        "y": -18.486317150315198,
        "z": 1.5278763961175663
      }
    }
  },
  "camera-uuids": [
    "ba770f42-b1bd-480a-812a-b2d060f264d8"
  ],
  "float-window": {
    "position": {
      "cc": {
        "Camera": {
          "dock": false,
          "top": null,
          "bottom": 10,
          "left": null,
          "right": 10
        }
      }
    }
  }
}
