{
  "gizmos-infos": {
    "is2D": true,
    "is3DIcon": false,
    "iconSize": 2,
    "gridVisible": true,
    "gridColor": [
      150,
      150,
      150,
      255
    ],
    "isIconGizmo3D": false,
    "iconGizmoSize": 2,
    "isGridVisible": true
  },
  "camera": {
    "fov": 45,
    "far": 10000,
    "near": 0.01,
    "color": [
      48,
      48,
      48,
      255
    ],
    "wheelSpeed": 0.01,
    "wanderSpeed": 10,
    "enableAcceleration": true,
    "far2D": 10000,
    "near2D": 1,
    "wheelSpeed2D": 6
  },
  "camera-infos": {
    "f46876e4-e81b-4931-b493-6d367be385e7": {
      "position": {
        "x": 50,
        "y": 50,
        "z": 50
      },
      "rotation": {
        "x": -0.27984814233312133,
        "y": 0.3647051996310009,
        "z": 0.11591689595929514,
        "w": 0.8804762392171493
      },
      "viewCenter": {
        "x": 0,
        "y": 0,
        "z": 0
      }
    },
    "02ff7912-cc34-4d8a-beab-61ca9148e501": {
      "position": {
        "x": 670.5865364238425,
        "y": 18.297734561609055,
        "z": -195.59226094474326
      },
      "rotation": {
        "x": -0.009375388825987178,
        "y": 0.9829401982407668,
        "z": 0.17606827112965243,
        "w": 0.05234737233451103
      },
      "viewCenter": {
        "x": 667.585,
        "y": 7.838,
        "z": -167.492
      }
    },
    "d496d752-d5cf-44a3-8849-4d96d53ba38c": {
      "position": {
        "x": 8.670754275243851,
        "y": 7.73880708181175,
        "z": 10.388881361588929
      },
      "rotation": {
        "x": -0.2414643708056484,
        "y": 0.32934996955389584,
        "z": 0.08752593321916961,
        "w": 0.9086048128338153
      },
      "viewCenter": {
        "x": 0,
        "y": 0,
        "z": 0
      }
    },
    "11655337-9361-497b-a8a6-a526e8e4fd03": {
      "position": {
        "x": 1074.240254988704,
        "y": -129.52890026783894,
        "z": 5000
      },
      "rotation": {
        "x": 0,
        "y": 0,
        "z": 0,
        "w": 1
      },
      "viewCenter": {
        "x": 960.0000000000001,
        "y": 540,
        "z": 0
      }
    },
    "d1dee20a-f8b7-4af1-aea2-bf02950566d9": {
      "position": {
        "x": 841.9906331871384,
        "y": -153.44369607341355,
        "z": 5000
      },
      "rotation": {
        "x": 0,
        "y": 0,
        "z": 0,
        "w": 1
      },
      "viewCenter": {
        "x": 960.0000000000001,
        "y": 540,
        "z": 0
      }
    },
    "fa319ee7-6126-4af6-9e83-7222cf56da30": {
      "position": {
        "x": 1201.799100449775,
        "y": 167.22638680659668,
        "z": 5000
      },
      "rotation": {
        "x": 0,
        "y": 0,
        "z": 0,
        "w": 1
      },
      "viewCenter": {
        "x": 0,
        "y": 0,
        "z": 0
      }
    },
    "86697488-7111-4b31-a5a7-ebd9f27e7915": {
      "position": {
        "x": 937.5607326454057,
        "y": 562.732184097634,
        "z": 5000
      },
      "rotation": {
        "x": 0,
        "y": 0,
        "z": 0,
        "w": 1
      },
      "viewCenter": {
        "x": 0,
        "y": 0,
        "z": 0
      }
    }
  },
  "camera-uuids": [
    "86697488-7111-4b31-a5a7-ebd9f27e7915"
  ],
  "float-window": {
    "position": {
      "cc": {
        "Camera": {
          "dock": false,
          "top": null,
          "bottom": 10,
          "left": null,
          "right": 10
        },
        "ParticleSystem": {
          "dock": false,
          "top": null,
          "bottom": 6,
          "left": null,
          "right": 0
        }
      }
    }
  }
}
