{
  "gizmos-infos": {
    "is2D": false,
    "is3DIcon": false,
    "iconSize": 2,
    "gridVisible": true,
    "gridColor": [
      150,
      150,
      150,
      255
    ],
    "isIconGizmo3D": false,
    "iconGizmoSize": 2,
    "isGridVisible": true
  },
  "float-window": {
    "position": {
      "cc": {
        "Camera": {
          "dock": false,
          "top": null,
          "bottom": 10,
          "left": null,
          "right": 10
        },
        "ParticleSystem": {
          "dock": false,
          "top": null,
          "bottom": 10,
          "left": null,
          "right": 10
        }
      }
    }
  },
  "camera": {
    "fov": 45,
    "far": 10000,
    "near": 0.01,
    "color": [
      48,
      48,
      48,
      255
    ],
    "wheelSpeed": 0.01,
    "wanderSpeed": 10,
    "enableAcceleration": true,
    "far2D": 10000,
    "near2D": 1,
    "wheelSpeed2D": 6
  },
  "camera-infos": {
    "f46876e4-e81b-4931-b493-6d367be385e7": {
      "position": {
        "x": 50,
        "y": 50,
        "z": 50
      },
      "rotation": {
        "x": -0.27984814233312133,
        "y": 0.3647051996310009,
        "z": 0.11591689595929514,
        "w": 0.8804762392171493
      },
      "viewCenter": {
        "x": 0,
        "y": 0,
        "z": 0
      }
    },
    "c029f937-0c79-47f0-b743-6cf188e6bb7b": {
      "position": {
        "x": -0.7716633038984476,
        "y": 33.2071835607738,
        "z": -43.6325251612804
      },
      "rotation": {
        "x": 0.013076645020125264,
        "y": 0.7918054084767909,
        "z": 0.6103972873690765,
        "w": -0.0169808137140978
      },
      "viewCenter": {
        "x": -0.4102568818505715,
        "y": 1.2218143592422344,
        "z": -35.223261829750335
      }
    },
    "a8593662-c923-4649-a986-b2fef3fe7390": {
      "position": {
        "x": -0.7991604320616956,
        "y": 36.73229800860148,
        "z": -15.682100207004012
      },
      "rotation": {
        "x": 0.5369426296818873,
        "y": 0.003338800553665303,
        "z": 0.002121545441071568,
        "w": -0.8436094854173368
      },
      "viewCenter": {
        "x": -0.6751044415589353,
        "y": 3.233249289526235,
        "z": -31.336599294809904
      }
    },
    "d40c2600-84f8-4197-8025-d1efe0ee7e00": {
      "position": {
        "x": 0.5955689492848392,
        "y": 44.14835550470207,
        "z": -48.041565771516744
      },
      "rotation": {
        "x": 0.02005505542440633,
        "y": -0.7745710722766918,
        "z": -0.6316901993264593,
        "w": -0.024595544697269198
      },
      "viewCenter": {
        "x": 0.10031102300626055,
        "y": 6.142599261065868,
        "z": -40.2537072032228
      }
    },
    "a046ee54-38b3-4192-88b1-fedf48e27501": {
      "position": {
        "x": 0.13129398862857816,
        "y": 37.66190066305744,
        "z": -55.94854948670502
      },
      "rotation": {
        "x": -0.0011928703654518974,
        "y": 0.8085499118651107,
        "z": 0.5884241075812029,
        "w": 0.0016391157609386918
      },
      "viewCenter": {
        "x": 0.06159677468120607,
        "y": -15.530846119665306,
        "z": -38.75835281388591
      }
    }
  },
  "camera-uuids": [
    "d40c2600-84f8-4197-8025-d1efe0ee7e00"
  ]
}
