{
  "gizmos-infos": {
    "is2D": false,
    "is3DIcon": false,
    "iconSize": 2,
    "gridVisible": true,
    "gridColor": [
      150,
      150,
      150,
      255
    ],
    "isIconGizmo3D": false,
    "iconGizmoSize": 2,
    "isGridVisible": true
  },
  "float-window": {
    "position": {
      "cc": {
        "Camera": {
          "dock": false,
          "top": null,
          "bottom": 10,
          "left": null,
          "right": 10
        }
      }
    }
  },
  "camera": {
    "fov": 45,
    "far": 10000,
    "near": 0.01,
    "color": [
      48,
      48,
      48,
      255
    ],
    "wheelSpeed": 0.01,
    "wanderSpeed": 10,
    "enableAcceleration": true,
    "far2D": 10000,
    "near2D": 1,
    "wheelSpeed2D": 6
  },
  "camera-infos": {
    "f46876e4-e81b-4931-b493-6d367be385e7": {
      "position": {
        "x": 50,
        "y": 50,
        "z": 50
      },
      "rotation": {
        "x": -0.27984814233312133,
        "y": 0.3647051996310009,
        "z": 0.11591689595929514,
        "w": 0.8804762392171493
      },
      "viewCenter": {
        "x": 0,
        "y": 0,
        "z": 0
      }
    },
    "bfec2b2d-51f8-433d-ad8c-16f061dfc894": {
      "position": {
        "x": 0.5858133867653798,
        "y": 24.593619557805148,
        "z": 11.434089086643867
      },
      "rotation": {
        "x": -0.5655540601031581,
        "y": -0.04373857305245428,
        "z": -0.030055994157061734,
        "w": 0.8230018369655697
      },
      "viewCenter": {
        "x": 1.67793676157342,
        "y": -2.238135238154328,
        "z": 1.188347637798124
      }
    }
  },
  "camera-uuids": [
    "bfec2b2d-51f8-433d-ad8c-16f061dfc894"
  ]
}
