{
  "gizmos-infos": {
    "is2D": false,
    "is3DIcon": false,
    "iconSize": 2,
    "gridVisible": true,
    "gridColor": [
      150,
      150,
      150,
      255
    ],
    "isIconGizmo3D": false,
    "iconGizmoSize": 2,
    "isGridVisible": true
  },
  "camera": {
    "fov": 45,
    "far": 10000,
    "near": 0.01,
    "color": [
      48,
      48,
      48,
      255
    ],
    "wheelSpeed": 0.01,
    "wanderSpeed": 10,
    "enableAcceleration": true,
    "far2D": 10000,
    "near2D": 1,
    "wheelSpeed2D": 6
  },
  "camera-infos": {
    "f46876e4-e81b-4931-b493-6d367be385e7": {
      "position": {
        "x": 50,
        "y": 50,
        "z": 50
      },
      "rotation": {
        "x": -0.27984814233312133,
        "y": 0.3647051996310009,
        "z": 0.11591689595929514,
        "w": 0.8804762392171493
      },
      "viewCenter": {
        "x": 0,
        "y": 0,
        "z": 0
      }
    },
    "789652c0-15c0-4f24-a994-f09d84d4e2ab": {
      "position": {
        "x": 460.98180245346424,
        "y": 288.09022799095897,
        "z": 5000
      },
      "rotation": {
        "x": 0,
        "y": 0,
        "z": 0,
        "w": 1
      },
      "viewCenter": {
        "x": 0,
        "y": 0,
        "z": 0
      }
    },
    "ea8122fe-55a2-4720-a57b-d691f022cb96": {
      "position": {
        "x": -8.757300710278038,
        "y": 11.326145008279385,
        "z": 10.99585940748895
      },
      "rotation": {
        "x": -0.14921540700176356,
        "y": -0.31614702204821626,
        "z": -0.05042425378377831,
        "w": 0.9355443098351217
      },
      "viewCenter": {
        "x": 2.7017109505509236,
        "y": 5.142788931823478,
        "z": -4.022769557146177
      }
    }
  },
  "camera-uuids": [
    "ea8122fe-55a2-4720-a57b-d691f022cb96"
  ],
  "float-window": {
    "position": {
      "cc": {
        "Camera": {
          "dock": false,
          "top": null,
          "bottom": 10,
          "left": null,
          "right": 10
        }
      }
    }
  }
}
