{
  "splash-setting": {
    "totalTime": 0,
    "url": "C:\\Users\\hiepdh\\Downloads\\ptsPNG\\Background.png",
    "clearColor": {
      "x": 0.23921568627450981,
      "y": 0.23921568627450981,
      "z": 0.23921568627450981,
      "w": 1
    },
    "displayWatermark": false,
    "displayRatio": 0.2
  }
}
