{
  "gizmos-infos": {
    "is2D": false,
    "is3DIcon": false,
    "iconSize": 2,
    "gridVisible": true,
    "gridColor": [
      150,
      150,
      150,
      255
    ],
    "isIconGizmo3D": false,
    "iconGizmoSize": 2,
    "isGridVisible": true
  },
  "camera": {
    "fov": 45,
    "far": 10000,
    "near": 0.01,
    "color": [
      48,
      48,
      48,
      255
    ],
    "wheelSpeed": 0.01,
    "wanderSpeed": 10,
    "enableAcceleration": true,
    "far2D": 10000,
    "near2D": 1,
    "wheelSpeed2D": 6
  },
  "camera-infos": {
    "f46876e4-e81b-4931-b493-6d367be385e7": {
      "position": {
        "x": 50,
        "y": 50,
        "z": 50
      },
      "rotation": {
        "x": -0.3774844647778647,
        "y": 0.264266358705375,
        "z": 0.11334821214869414,
        "w": 0.8802391455227753
      },
      "viewCenter": {
        "x": 17.12040944447734,
        "y": -12.740201459145403,
        "z": 0.17430737293227594
      }
    },
    "ba770f42-b1bd-480a-812a-b2d060f264d8": {
      "position": {
        "x": 5.1973791006575,
        "y": -11.431246358882238,
        "z": 9.932675316701825
      },
      "rotation": {
        "x": 0.08375947514014595,
        "y": 0.04866468930906031,
        "z": -0.004110622054561745,
        "w": 0.9952885014532309
      },
      "viewCenter": {
        "x": 2.9859850033429756,
        "y": -7.588645869963341,
        "z": -12.627538431833258
      }
    },
    "3affa667-830a-462d-8864-0032382c3d46": {
      "position": {
        "x": 177,
        "y": 288,
        "z": 5000
      },
      "rotation": {
        "x": 0,
        "y": 0,
        "z": 0,
        "w": 1
      },
      "viewCenter": {
        "x": -0.07490964860712655,
        "y": -8.078501397909625,
        "z": 6.459883188180184
      }
    },
    "8f72cef1-e7b5-4506-976d-1d8b50e791e4": {
      "position": {
        "x": 5.9207972339491606e-58,
        "y": 1.1087365781358907e-73,
        "z": 10.227586680086777
      },
      "rotation": {
        "x": -0.10053545547163513,
        "y": -0.03395538794729206,
        "z": -0.0034331808971248745,
        "w": 0.9943478546541602
      },
      "viewCenter": {
        "x": 0.6835773398798941,
        "y": -2.047231263827837,
        "z": 0.2303344915467136
      }
    }
  },
  "camera-uuids": [
    "8f72cef1-e7b5-4506-976d-1d8b50e791e4"
  ],
  "float-window": {
    "position": {
      "cc": {
        "Camera": {
          "dock": false,
          "top": null,
          "bottom": 10,
          "left": null,
          "right": 10
        },
        "ParticleSystem": {
          "dock": false,
          "top": null,
          "bottom": 10,
          "left": null,
          "right": 10
        }
      }
    }
  }
}
