{
  "gizmos-infos": {
    "is2D": false,
    "is3DIcon": false,
    "iconSize": 2,
    "gridVisible": true,
    "gridColor": [
      150,
      150,
      150,
      255
    ],
    "isIconGizmo3D": false,
    "iconGizmoSize": 2,
    "isGridVisible": true
  },
  "camera": {
    "fov": 45,
    "far": 10000,
    "near": 0.01,
    "color": [
      48,
      48,
      48,
      255
    ],
    "wheelSpeed": 0.01,
    "wanderSpeed": 10,
    "enableAcceleration": true,
    "far2D": 10000,
    "near2D": 1,
    "wheelSpeed2D": 6
  },
  "camera-infos": {
    "f46876e4-e81b-4931-b493-6d367be385e7": {
      "position": {
        "x": 50,
        "y": 50,
        "z": 50
      },
      "rotation": {
        "x": -0.27984814233312133,
        "y": 0.3647051996310009,
        "z": 0.11591689595929514,
        "w": 0.8804762392171493
      },
      "viewCenter": {
        "x": 0,
        "y": 0,
        "z": 0
      }
    },
    "5c6e5546-2a4f-428e-a151-344de3ec10f9": {
      "position": {
        "x": 50,
        "y": 50,
        "z": 50
      },
      "rotation": {
        "x": -0.27984814233312133,
        "y": 0.3647051996310009,
        "z": 0.11591689595929514,
        "w": 0.8804762392171493
      },
      "viewCenter": {
        "x": 0,
        "y": 0,
        "z": 0
      }
    },
    "a7e96b27-704f-4703-a914-7cf862373a31": {
      "position": {
        "x": -0.2735771849034123,
        "y": 2.7758734305456167,
        "z": 0.3657763240210309
      },
      "rotation": {
        "x": -0.4497980342269477,
        "y": -0.4740453646386621,
        "z": -0.3084686374325386,
        "w": 0.6912378898690988
      },
      "viewCenter": {
        "x": 0.8600000000000001,
        "y": 0.03299999999999869,
        "z": -0.07199999999999776
      }
    },
    "945d636b-62ea-43b8-9529-d5c698dbfb13": {
      "position": {
        "x": 0.32459504023201413,
        "y": 3.3145403732731626,
        "z": -0.4587484437454778
      },
      "rotation": {
        "x": 0.0010703627363617325,
        "y": 0.7400020905998981,
        "z": 0.672602623132206,
        "w": -0.001177620765818475
      },
      "viewCenter": {
        "x": 0.3256619957087968,
        "y": -0.1904665116181441,
        "z": -0.12351889465073734
      }
    },
    "c2730ae3-2922-4970-bfd9-79f972ddc9e3": {
      "position": {
        "x": 50,
        "y": 50,
        "z": 50
      },
      "rotation": {
        "x": -0.1842475714982499,
        "y": 0.4261600665993507,
        "z": 0.0890359625732588,
        "w": 0.8811997658878525
      },
      "viewCenter": {
        "x": -12.20270608724963,
        "y": 15.306591284565101,
        "z": 0.7334723456807666
      }
    },
    "e9c5a543-d9c3-46b0-baeb-2a853cb9c65d": {
      "position": {
        "x": 50,
        "y": 50,
        "z": 50
      },
      "rotation": {
        "x": -0.24301571873465017,
        "y": 0.2238016076908895,
        "z": 0.05772862644308547,
        "w": 0.9420847130337322
      },
      "viewCenter": {
        "x": 15.911315848596566,
        "y": 8.108419453229494,
        "z": -17.698279831316995
      }
    },
    "be5271ee-5bec-4ad8-9459-d46b2288590f": {
      "position": {
        "x": -0.028510548742637063,
        "y": 1.65110768095574,
        "z": 0.15725464615512988
      },
      "rotation": {
        "x": -0.6411587635492111,
        "y": -0.004672787660318854,
        "z": -0.003904170994210491,
        "w": 0.7673841035807143
      },
      "viewCenter": {
        "x": -0.025728813348804593,
        "y": 0.38686503922729965,
        "z": -0.07115080750562253
      }
    }
  },
  "camera-uuids": [
    "a7e96b27-704f-4703-a914-7cf862373a31"
  ],
  "float-window": {
    "position": {
      "cc": {
        "Camera": {
          "dock": false,
          "top": null,
          "bottom": 10,
          "left": null,
          "right": 10
        },
        "ParticleSystem": {
          "dock": false,
          "top": null,
          "bottom": 10,
          "left": null,
          "right": 10
        }
      }
    }
  }
}
